{"cameraMode":{"drawMode":0,"name":"Shaded","section":"Shading Mode"},"sceneLighting":false,"audioPlay":false,"sceneViewState":{"showFog":true,"showMaterialUpdate":false,"showSkybox":true,"showFlares":true,"showImageEffects":true,"showParticleSystems":true},"in2DMode":false,"pivot":{"x":-3.8072316646575929,"y":-994.126953125,"z":18.64201545715332},"rotation":{"x":0.389281302690506,"y":0.013816011138260365,"z":-0.005839673802256584,"w":0.9209983944892883},"size":1.657883644104004,"orthographic":false}