{"cameraMode":{"drawMode":0,"name":"Shaded","section":"Shading Mode"},"sceneLighting":false,"audioPlay":false,"sceneViewState":{"showFog":true,"showMaterialUpdate":false,"showSkybox":true,"showFlares":true,"showImageEffects":true,"showParticleSystems":true},"in2DMode":false,"pivot":{"x":0.32000017166137698,"y":2.799997329711914,"z":-23.706083297729493},"rotation":{"x":0.713429868221283,"y":-0.004204249009490013,"z":0.004280962515622377,"w":0.7007022500038147},"size":3.5364573001861574,"orthographic":false}