{"cameraMode":{"drawMode":0,"name":"Shaded","section":"Shading Mode"},"sceneLighting":false,"audioPlay":false,"sceneViewState":{"showFog":true,"showMaterialUpdate":false,"showSkybox":true,"showFlares":true,"showImageEffects":true,"showParticleSystems":true},"in2DMode":false,"pivot":{"x":-2.7300000190734865,"y":1.0099999904632569,"z":7.699999809265137},"rotation":{"x":0.21432428061962129,"y":-0.0014652600511908532,"z":0.00032136079971678555,"w":0.9767627120018005},"size":2.8578836917877199,"orthographic":true}