{"cameraMode":{"drawMode":0,"name":"Shaded","section":"Shading Mode"},"sceneLighting":false,"audioPlay":false,"sceneViewState":{"showFog":true,"showMaterialUpdate":false,"showSkybox":true,"showFlares":true,"showImageEffects":true,"showParticleSystems":true},"in2DMode":false,"pivot":{"x":78.22822570800781,"y":-14.969996452331543,"z":-25.767169952392579},"rotation":{"x":0.38020768761634829,"y":-0.4272908568382263,"z":0.2045111060142517,"w":0.7943829894065857},"size":77.00374603271485,"orthographic":true}