{"cameraMode":{"drawMode":0,"name":"Shaded","section":"Shading Mode"},"sceneLighting":true,"audioPlay":false,"sceneViewState":{"showFog":true,"showMaterialUpdate":false,"showSkybox":true,"showFlares":true,"showImageEffects":true,"showParticleSystems":true},"in2DMode":false,"pivot":{"x":81.00917053222656,"y":-8.224691390991211,"z":-26.69849395751953},"rotation":{"x":0.3769693076610565,"y":-0.10937242209911347,"z":0.04488107189536095,"w":0.9186500310897827},"size":49.68516159057617,"orthographic":true}