{"cameraMode":{"drawMode":0,"name":"Shaded","section":"Shading Mode"},"sceneLighting":false,"audioPlay":false,"sceneViewState":{"showFog":true,"showMaterialUpdate":false,"showSkybox":true,"showFlares":true,"showImageEffects":true,"showParticleSystems":true},"in2DMode":false,"pivot":{"x":-31.39999771118164,"y":1.52141535282135,"z":-23.726825714111329},"rotation":{"x":-0.5491938591003418,"y":0.0020123610738664867,"z":-0.0013214314822107554,"w":-0.8356969356536865},"size":2.603653907775879,"orthographic":true}