{"cameraMode":{"drawMode":0,"name":"Shaded","section":"Shading Mode"},"sceneLighting":false,"audioPlay":false,"sceneViewState":{"showFog":true,"showMaterialUpdate":false,"showSkybox":true,"showFlares":true,"showImageEffects":true,"showParticleSystems":true},"in2DMode":false,"pivot":{"x":-3.9770660400390627,"y":-994.2402954101563,"z":19.26776123046875},"rotation":{"x":-0.3136012554168701,"y":0.6185654997825623,"z":0.6572258472442627,"w":0.29514846205711367},"size":2.8578834533691408,"orthographic":true}