{"cameraMode":{"drawMode":0,"name":"Shaded","section":"Shading Mode"},"sceneLighting":false,"audioPlay":false,"sceneViewState":{"showFog":true,"showMaterialUpdate":false,"showSkybox":true,"showFlares":true,"showImageEffects":true,"showParticleSystems":true},"in2DMode":false,"pivot":{"x":-21.2810001373291,"y":1.7999999523162842,"z":-10.862000465393067},"rotation":{"x":0.20053064823150636,"y":-0.30146050453186037,"z":0.06500992923974991,"w":0.9298849105834961},"size":7.4395318031311039,"orthographic":true}