{"cameraMode":{"drawMode":0,"name":"Shaded","section":"Shading Mode"},"sceneLighting":false,"audioPlay":false,"sceneViewState":{"showFog":true,"showMaterialUpdate":false,"showSkybox":true,"showFlares":true,"showImageEffects":true,"showParticleSystems":true},"in2DMode":false,"pivot":{"x":0.32000017166137698,"y":2.799997329711914,"z":-23.706083297729493},"rotation":{"x":0.47053614258766177,"y":0.0013236618833616377,"z":-0.000705349026247859,"w":0.88238126039505},"size":3.5364573001861574,"orthographic":true}