{"cameraMode":{"drawMode":0,"name":"Shaded","section":"Shading Mode"},"sceneLighting":false,"audioPlay":false,"sceneViewState":{"showFog":true,"showMaterialUpdate":false,"showSkybox":true,"showFlares":true,"showImageEffects":true,"showParticleSystems":true},"in2DMode":false,"pivot":{"x":-0.02499997615814209,"y":-0.3265000283718109,"z":0.0},"rotation":{"x":0.008261908777058125,"y":-0.9916731715202332,"z":0.0849953219294548,"w":0.09639281034469605},"size":8.366968154907227,"orthographic":true}