{"cameraMode":{"drawMode":0,"name":"Shaded","section":"Shading Mode"},"sceneLighting":false,"audioPlay":false,"sceneViewState":{"showFog":true,"showMaterialUpdate":false,"showSkybox":true,"showFlares":true,"showImageEffects":true,"showParticleSystems":true},"in2DMode":false,"pivot":{"x":0.0785362720489502,"y":0.5916836261749268,"z":-0.008439108729362488},"rotation":{"x":0.7207540273666382,"y":0.003119229106232524,"z":-0.0032428489066660406,"w":0.6931788921356201},"size":5.576455593109131,"orthographic":true}