{"cameraMode":{"drawMode":0,"name":"Shaded","section":"Shading Mode"},"sceneLighting":false,"audioPlay":false,"sceneViewState":{"showFog":true,"showMaterialUpdate":false,"showSkybox":true,"showFlares":true,"showImageEffects":true,"showParticleSystems":true},"in2DMode":false,"pivot":{"x":-31.39999771118164,"y":1.52141535282135,"z":-23.726825714111329},"rotation":{"x":-0.03486539423465729,"y":0.96024090051651,"z":-0.23895874619483949,"w":-0.14010965824127198},"size":2.603653907775879,"orthographic":true}