{"cameraMode":{"drawMode":0,"name":"Shaded","section":"Shading Mode"},"sceneLighting":false,"audioPlay":false,"sceneViewState":{"showFog":true,"showMaterialUpdate":false,"showSkybox":true,"showFlares":true,"showImageEffects":true,"showParticleSystems":true},"in2DMode":false,"pivot":{"x":0.025799989700317384,"y":1.8737713098526,"z":0.00029540061950683594},"rotation":{"x":-0.2679169774055481,"y":0.2007637470960617,"z":-0.05718756839632988,"w":-0.940555214881897},"size":13.639116287231446,"orthographic":true}