{"cameraMode":{"drawMode":0,"name":"Shaded","section":"Shading Mode"},"sceneLighting":true,"audioPlay":false,"sceneViewState":{"showFog":true,"showMaterialUpdate":false,"showSkybox":true,"showFlares":true,"showImageEffects":true,"showParticleSystems":true},"in2DMode":false,"pivot":{"x":0.03169117867946625,"y":0.4832896590232849,"z":-75.17793273925781},"rotation":{"x":0.708071231842041,"y":-0.027086980640888215,"z":0.027202948927879335,"w":0.7051005959510803},"size":35.09054183959961,"orthographic":true}