{"cameraMode":{"drawMode":0,"name":"Shaded","section":"Shading Mode"},"sceneLighting":false,"audioPlay":false,"sceneViewState":{"showFog":true,"showMaterialUpdate":false,"showSkybox":true,"showFlares":true,"showImageEffects":true,"showParticleSystems":true},"in2DMode":false,"pivot":{"x":0.0,"y":1.2173446416854859,"z":4.499999523162842},"rotation":{"x":-0.47903355956077578,"y":0.07016748934984207,"z":-0.03845127671957016,"w":-0.8741424083709717},"size":26.41858673095703,"orthographic":false}