{"cameraMode":{"drawMode":0,"name":"Shaded","section":"Shading Mode"},"sceneLighting":false,"audioPlay":false,"sceneViewState":{"showFog":true,"showMaterialUpdate":false,"showSkybox":true,"showFlares":true,"showImageEffects":true,"showParticleSystems":true},"in2DMode":false,"pivot":{"x":-3.23492431640625,"y":6.2734375,"z":-96.5673828125},"rotation":{"x":0.6953491568565369,"y":0.0010797912254929543,"z":-0.0010404380736872554,"w":0.7186813950538635},"size":31.074010848999025,"orthographic":true}