{"cameraMode":{"drawMode":0,"name":"Shaded","section":"Shading Mode"},"sceneLighting":false,"audioPlay":false,"sceneViewState":{"showFog":true,"showMaterialUpdate":false,"showSkybox":true,"showFlares":true,"showImageEffects":true,"showParticleSystems":true},"in2DMode":false,"pivot":{"x":0.4650000333786011,"y":0.003000020980834961,"z":-27.2189998626709},"rotation":{"x":-0.18873916566371919,"y":0.015616063959896565,"z":-0.0029855980537831785,"w":-0.9819170832633972},"size":7.268327713012695,"orthographic":true}