{"cameraMode":{"drawMode":0,"name":"Shaded","section":"Shading Mode"},"sceneLighting":false,"audioPlay":false,"sceneViewState":{"showFog":true,"showMaterialUpdate":false,"showSkybox":true,"showFlares":true,"showImageEffects":true,"showParticleSystems":true},"in2DMode":false,"pivot":{"x":0.32000017166137698,"y":2.799997329711914,"z":-23.758583068847658},"rotation":{"x":-0.4274771809577942,"y":-0.02629316970705986,"z":0.012441929429769516,"w":-0.9035634398460388},"size":6.377791404724121,"orthographic":true}