{"cameraMode":{"drawMode":0,"name":"Shaded","section":"Shading Mode"},"sceneLighting":false,"audioPlay":false,"sceneViewState":{"showFog":true,"showMaterialUpdate":false,"showSkybox":true,"showFlares":true,"showImageEffects":true,"showParticleSystems":true},"in2DMode":false,"pivot":{"x":-1.777118444442749,"y":1.1124218702316285,"z":24.36883544921875},"rotation":{"x":0.7306131720542908,"y":-0.08303583413362503,"z":0.09032168984413147,"w":0.67168128490448},"size":3.4648709297180177,"orthographic":true}