{"cameraMode":{"drawMode":0,"name":"Shaded","section":"Shading Mode"},"sceneLighting":false,"audioPlay":false,"sceneViewState":{"showFog":true,"showMaterialUpdate":false,"showSkybox":true,"showFlares":true,"showImageEffects":true,"showParticleSystems":true},"in2DMode":false,"pivot":{"x":-20.420434951782228,"y":2.1945314407348635,"z":-54.585792541503909},"rotation":{"x":0.24573424458503724,"y":-0.15079502761363984,"z":0.03873310983181,"w":0.9567990899085999},"size":4.268925666809082,"orthographic":true}