{"cameraMode":{"drawMode":0,"name":"Shaded","section":"Shading Mode"},"sceneLighting":false,"audioPlay":false,"sceneViewState":{"showFog":true,"showMaterialUpdate":false,"showSkybox":false,"showFlares":true,"showImageEffects":true,"showParticleSystems":true},"in2DMode":false,"pivot":{"x":56.27734375,"y":8.168574333190918,"z":-78.08531188964844},"rotation":{"x":0.05985060706734657,"y":-0.8778378367424011,"z":0.11387284845113754,"w":0.46136948466300967},"size":26.50505256652832,"orthographic":true}