{"cameraMode":{"drawMode":0,"name":"Shaded","section":"Shading Mode"},"sceneLighting":false,"audioPlay":false,"sceneViewState":{"showFog":true,"showMaterialUpdate":true,"showSkybox":false,"showFlares":true,"showImageEffects":true,"showParticleSystems":true},"in2DMode":false,"pivot":{"x":-9.29086971282959,"y":2.5299952030181886,"z":-55.38605880737305},"rotation":{"x":0.48610153794288638,"y":-0.027517002075910569,"z":0.01531889196485281,"w":0.873337984085083},"size":13.003210067749024,"orthographic":true}