{"cameraMode":{"drawMode":0,"name":"Shaded","section":"Shading Mode"},"sceneLighting":false,"audioPlay":false,"sceneViewState":{"showFog":true,"showMaterialUpdate":false,"showSkybox":false,"showFlares":true,"showImageEffects":true,"showParticleSystems":true},"in2DMode":false,"pivot":{"x":45.81355285644531,"y":3.6015625,"z":-101.34510040283203},"rotation":{"x":0.49369966983795168,"y":0.5063008666038513,"z":-0.5002618432044983,"w":0.4996602535247803},"size":5.220407962799072,"orthographic":true}