{"cameraMode":{"drawMode":0,"name":"Shaded","section":"Shading Mode"},"sceneLighting":true,"audioPlay":false,"sceneViewState":{"showFog":true,"showMaterialUpdate":false,"showSkybox":true,"showFlares":true,"showImageEffects":true,"showParticleSystems":true},"in2DMode":false,"pivot":{"x":48.08518981933594,"y":6.3466796875,"z":921.3908081054688},"rotation":{"x":-0.68928462266922,"y":0.003477889345958829,"z":-0.0033017953392118217,"w":-0.7244951128959656},"size":300.5173034667969,"orthographic":true}