{"cameraMode":{"drawMode":0,"name":"Shaded","section":"Shading Mode"},"sceneLighting":false,"audioPlay":false,"sceneViewState":{"showFog":true,"showMaterialUpdate":false,"showSkybox":false,"showFlares":true,"showImageEffects":true,"showParticleSystems":true},"in2DMode":false,"pivot":{"x":0.16796433925628663,"y":0.59912109375,"z":-75.59017944335938},"rotation":{"x":0.20329739153385163,"y":0.4734998643398285,"z":-0.11331543326377869,"w":0.8494917750358582},"size":3.2676193714141847,"orthographic":true}