{"cameraMode":{"drawMode":0,"name":"Shaded","section":"Shading Mode"},"sceneLighting":false,"audioPlay":false,"sceneViewState":{"showFog":true,"showMaterialUpdate":false,"showSkybox":false,"showFlares":true,"showImageEffects":true,"showParticleSystems":true},"in2DMode":false,"pivot":{"x":1.4700000286102296,"y":-0.565000057220459,"z":-10.520000457763672},"rotation":{"x":-0.009565280750393868,"y":0.08688727766275406,"z":0.0008361423970200121,"w":0.9961753487586975},"size":9.917341232299805,"orthographic":true}