{"cameraMode":{"drawMode":0,"name":"Shaded","section":"Shading Mode"},"sceneLighting":true,"audioPlay":false,"sceneViewState":{"showFog":true,"showMaterialUpdate":true,"showSkybox":true,"showFlares":true,"showImageEffects":true,"showParticleSystems":true},"in2DMode":false,"pivot":{"x":72.94649505615235,"y":-12.729997634887696,"z":-33.23722839355469},"rotation":{"x":-0.419504314661026,"y":0.0035441317595541479,"z":-0.0016474648145958782,"w":-0.9077576398849487},"size":45.92152404785156,"orthographic":true}