{"cameraMode":{"drawMode":0,"name":"Shaded","section":"Shading Mode"},"sceneLighting":false,"audioPlay":false,"sceneViewState":{"showFog":true,"showMaterialUpdate":true,"showSkybox":false,"showFlares":true,"showImageEffects":true,"showParticleSystems":true},"in2DMode":false,"pivot":{"x":-9.29086971282959,"y":2.5299952030181886,"z":-55.38605880737305},"rotation":{"x":0.3205298185348511,"y":-0.024151701480150224,"z":0.008175227791070938,"w":0.9468966126441956},"size":32.7712287902832,"orthographic":true}