{"cameraMode":{"drawMode":0,"name":"Shaded","section":"Shading Mode"},"sceneLighting":false,"audioPlay":false,"sceneViewState":{"showFog":true,"showMaterialUpdate":false,"showSkybox":false,"showFlares":true,"showImageEffects":true,"showParticleSystems":true},"in2DMode":false,"pivot":{"x":0.32000017166137698,"y":2.799997329711914,"z":-23.706083297729493},"rotation":{"x":0.06597070395946503,"y":-0.9224563837051392,"z":0.1821933537721634,"w":0.33400222659111025},"size":7.683056354522705,"orthographic":true}