{"cameraMode":{"drawMode":0,"name":"Shaded","section":"Shading Mode"},"sceneLighting":false,"audioPlay":false,"sceneViewState":{"showFog":true,"showMaterialUpdate":false,"showSkybox":false,"showFlares":true,"showImageEffects":true,"showParticleSystems":true},"in2DMode":false,"pivot":{"x":-18.739999771118165,"y":1.8000001907348633,"z":-10.979999542236329},"rotation":{"x":0.2473069578409195,"y":-7.116744313862e-7,"z":-0.000008436592906946316,"w":0.9689478278160095},"size":5.16729736328125,"orthographic":true}