{"cameraMode":{"drawMode":0,"name":"Shaded","section":"Shading Mode"},"sceneLighting":false,"audioPlay":false,"sceneViewState":{"showFog":true,"showMaterialUpdate":false,"showSkybox":false,"showFlares":true,"showImageEffects":true,"showParticleSystems":true},"in2DMode":false,"pivot":{"x":-31.39999771118164,"y":1.52141535282135,"z":-23.726825714111329},"rotation":{"x":0.4071684181690216,"y":-0.013700628653168679,"z":0.0061060828156769279,"w":0.9132367968559265},"size":2.603653907775879,"orthographic":true}