{"cameraMode":{"drawMode":0,"name":"Shaded","section":"Shading Mode"},"sceneLighting":true,"audioPlay":false,"sceneViewState":{"showFog":true,"showMaterialUpdate":false,"showSkybox":true,"showFlares":true,"showImageEffects":true,"showParticleSystems":true},"in2DMode":false,"pivot":{"x":53.89173889160156,"y":-14.56640625,"z":-65.0208740234375},"rotation":{"x":0.7165514826774597,"y":0.0073240287601947788,"z":-0.007523677311837673,"w":0.6974619030952454},"size":20.40726661682129,"orthographic":true}