{"cameraMode":{"drawMode":0,"name":"Shaded","section":"Shading Mode"},"sceneLighting":false,"audioPlay":false,"sceneViewState":{"showFog":true,"showMaterialUpdate":false,"showSkybox":false,"showFlares":true,"showImageEffects":true,"showParticleSystems":true},"in2DMode":false,"pivot":{"x":-22.181001663208009,"y":1.6219987869262696,"z":-55.310001373291019},"rotation":{"x":0.18465717136859895,"y":-0.46062925457954409,"z":0.09861274808645249,"w":0.8625540137290955},"size":9.65482234954834,"orthographic":true}