{"cameraMode":{"drawMode":0,"name":"Shaded","section":"Shading Mode"},"sceneLighting":true,"audioPlay":false,"sceneViewState":{"showFog":true,"showMaterialUpdate":false,"showSkybox":false,"showFlares":true,"showImageEffects":true,"showParticleSystems":true},"in2DMode":false,"pivot":{"x":77.37840270996094,"y":-14.640625,"z":-25.766183853149415},"rotation":{"x":0.566618025302887,"y":-0.002471484476700425,"z":0.0016994590405374766,"w":0.8239753842353821},"size":28.074825286865236,"orthographic":true}