{"cameraMode":{"drawMode":0,"name":"Shaded","section":"Shading Mode"},"sceneLighting":false,"audioPlay":false,"sceneViewState":{"showFog":true,"showMaterialUpdate":false,"showSkybox":false,"showFlares":true,"showImageEffects":true,"showParticleSystems":true},"in2DMode":false,"pivot":{"x":-58.57249450683594,"y":-0.3682422637939453,"z":21.778581619262697},"rotation":{"x":-0.03641700744628906,"y":0.959937334060669,"z":-0.14890430867671967,"w":-0.23460625112056733},"size":2.294942855834961,"orthographic":true}