{"cameraMode":{"drawMode":0,"name":"Shaded","section":"Shading Mode"},"sceneLighting":false,"audioPlay":false,"sceneViewState":{"showFog":true,"showMaterialUpdate":false,"showSkybox":false,"showFlares":true,"showImageEffects":true,"showParticleSystems":true},"in2DMode":false,"pivot":{"x":0.32000017166137698,"y":2.8524973392486574,"z":-23.758583068847658},"rotation":{"x":0.06597070395946503,"y":-0.9224563837051392,"z":0.1821933537721634,"w":0.33400222659111025},"size":3.536454200744629,"orthographic":true}