{"cameraMode":{"drawMode":0,"name":"Shaded","section":"Shading Mode"},"sceneLighting":false,"audioPlay":false,"sceneViewState":{"showFog":true,"showMaterialUpdate":false,"showSkybox":false,"showFlares":true,"showImageEffects":true,"showParticleSystems":true},"in2DMode":false,"pivot":{"x":55.0927734375,"y":3.033447265625,"z":-62.36474609375},"rotation":{"x":-0.6150013208389282,"y":-0.006641022395342588,"z":0.005152069963514805,"w":-0.7885085940361023},"size":5.331704616546631,"orthographic":true}