{"cameraMode":{"drawMode":0,"name":"Shaded","section":"Shading Mode"},"sceneLighting":false,"audioPlay":false,"sceneViewState":{"showFog":true,"showMaterialUpdate":false,"showSkybox":false,"showFlares":true,"showImageEffects":true,"showParticleSystems":true},"in2DMode":false,"pivot":{"x":45.814449310302737,"y":2.554835319519043,"z":-101.60841369628906},"rotation":{"x":0.5117429494857788,"y":-0.04120698943734169,"z":0.024582287296652795,"w":0.8578004837036133},"size":6.8739447593688969,"orthographic":true}