{"cameraMode":{"drawMode":0,"name":"Shaded","section":"Shading Mode"},"sceneLighting":false,"audioPlay":false,"sceneViewState":{"showFog":true,"showMaterialUpdate":false,"showSkybox":false,"showFlares":true,"showImageEffects":true,"showParticleSystems":true},"in2DMode":false,"pivot":{"x":9.317001342773438,"y":1.8000001907348633,"z":9.700000762939454},"rotation":{"x":0.30060020089149477,"y":-0.02145797200500965,"z":0.006757768336683512,"w":0.953498899936676},"size":5.16729736328125,"orthographic":true}