{"cameraMode":{"drawMode":0,"name":"Shaded","section":"Shading Mode"},"sceneLighting":true,"audioPlay":false,"sceneViewState":{"showFog":true,"showMaterialUpdate":false,"showSkybox":false,"showFlares":true,"showImageEffects":true,"showParticleSystems":true},"in2DMode":false,"pivot":{"x":60.666015625,"y":-10.634765625,"z":-36.408203125},"rotation":{"x":0.4941832721233368,"y":-0.003909425809979439,"z":0.002227440243586898,"w":0.8693533539772034},"size":11.985722541809082,"orthographic":true}