{"cameraMode":{"drawMode":0,"name":"Shaded","section":"Shading Mode"},"sceneLighting":false,"audioPlay":false,"sceneViewState":{"showFog":true,"showMaterialUpdate":false,"showSkybox":false,"showFlares":true,"showImageEffects":true,"showParticleSystems":true},"in2DMode":false,"pivot":{"x":55.81663131713867,"y":0.88720703125,"z":-62.2431640625},"rotation":{"x":0.6184624433517456,"y":0.014109879732131958,"z":-0.01117012370377779,"w":0.7856318950653076},"size":5.605616569519043,"orthographic":true}