{"cameraMode":{"drawMode":0,"name":"Shaded","section":"Shading Mode"},"sceneLighting":false,"audioPlay":false,"sceneViewState":{"showFog":true,"showMaterialUpdate":false,"showSkybox":false,"showFlares":true,"showImageEffects":true,"showParticleSystems":true},"in2DMode":false,"pivot":{"x":47.017578125,"y":0.84814453125,"z":-77.2607421875},"rotation":{"x":0.15410278737545014,"y":-0.5292958617210388,"z":0.09844668954610825,"w":0.828507125377655},"size":6.0366597175598148,"orthographic":true}